resid,model,race,first_gen,financial_status,high_school,age,grades,trouble,gender,job_status,alcohol,smoking,hobbies,major,sociability,homesickness,communication,honesty,prca01,prca02,prca03,prca04,prca05,prca06,prca13,prca14,prca15,prca16,prca17,prca18
356f7d54-ff77-447d-911d-cd99d104394e,granite4:3b,asian,first_gen,family_pays,public,22,modest,rarely,male,full_time,drinks,vapes,music,math,social,often,empty,usually,3,3,3,2,2,2,2,2,2,3,3,3
dddd4ab2-f221-4116-85a6-28bf9f680460,granite4:3b,black,first_gen,pell_eligible,private,20,low,rarely,female,part_time,drinks,neither,other,math,reserved,never,empty,always,2,4,2,2,2,3,3,3,3,3,3,3
4780207c-a2e1-4032-a708-5c9a1b2772d6,granite4:3b,white,non_first_gen,pell_eligible,public,23,good,never,female,unemployed,abstains,smokes,arts,arts,reserved,never,articulate,usually,2,3,3,2,2,3,3,2,2,2,3,2
620cee5a-74e6-4688-ae29-787f983e0f11,granite4:3b,black,non_first_gen,loans,private,23,good,rarely,male,unemployed,drinks,smokes,games,engineering,social,never,struggles,usually,2,3,4,2,3,3,3,3,2,2,2,3
dce20c52-7a4e-40ec-912f-4b6b53309cf2,granite4:3b,white,non_first_gen,loans,private,17,great,never,female,full_time,abstains,vapes,music,arts,social,never,excellent,always,2,1,4,2,3,1,2,2,4,2,1,5
e31b8999-84d1-4421-adb6-e61a17015219,granite4:3b,white,non_first_gen,pell_eligible,public,18,good,rarely,male,full_time,abstains,smokes,sports,arts,social,never,apprehensive,always,3,2,3,2,3,3,3,2,2,2,3,2
39c3b20a-0feb-4649-9980-627a416e90f4,granite4:3b,black,first_gen,pell_eligible,public,17,great,sometimes,male,full_time,drinks,smokes,arts,science,social,often,apprehensive,always,3,3,2,2,1,4,2,3,2,3,3,4
3513ae3c-8f02-42fb-885a-81d4005d64ad,granite4:3b,multiracial,non_first_gen,pell_eligible,private,16,low,never,male,part_time,drinks,neither,sports,science,reserved,never,apprehensive,usually,2,4,2,3,4,4,2,3,4,3,3,3
7a31c3bd-ff01-4986-adda-81314923c80d,granite4:3b,black,non_first_gen,pell_eligible,private,17,low,sometimes,male,part_time,abstains,vapes,other,engineering,social,never,struggles,usually,3,4,2,2,3,3,2,4,2,4,3,4
79226845-b61a-400a-892a-0b019835c745,granite4:3b,white,non_first_gen,pell_eligible,public,23,low,never,male,part_time,abstains,smokes,arts,arts,reserved,often,apprehensive,usually,2,3,3,4,2,3,3,3,2,3,4,3
7a27c968-85d0-45e1-b657-cd8cd7ef33a8,granite4:3b,asian,non_first_gen,loans,public,19,low,often,female,full_time,abstains,smokes,other,math,reserved,never,excellent,usually,3,3,2,3,2,4,3,2,2,3,3,2
cb84c537-d797-40bc-9729-ab2369ff801b,granite4:3b,white,non_first_gen,loans,private,22,modest,often,male,unemployed,abstains,smokes,games,science,social,often,struggles,usually,2,3,2,2,3,3,3,3,2,3,4,4
b840e1af-e8f6-4045-af13-f24ea657337d,granite4:3b,multiracial,non_first_gen,family_pays,public,20,low,never,male,full_time,abstains,smokes,sports,arts,social,never,struggles,usually,2,4,4,3,3,3,2,4,3,4,3,3
8405eb01-9249-4142-9307-d3e8634e29e8,granite4:3b,white,non_first_gen,family_pays,private,21,great,never,female,part_time,drinks,neither,sports,math,reserved,often,empty,usually,3,4,3,2,3,3,2,2,4,2,2,4
a96537ba-38d3-455f-b967-b4d2c74615c8,granite4:3b,black,first_gen,pell_eligible,public,22,great,sometimes,female,part_time,drinks,vapes,sports,arts,social,never,empty,usually,4,2,3,2,2,3,3,2,3,2,2,3
8280d934-5eaf-4e24-83a4-39eaf553c1c3,granite4:3b,white,first_gen,pell_eligible,public,23,low,rarely,male,unemployed,drinks,neither,music,engineering,social,often,empty,usually,2,2,3,2,2,4,2,2,2,4,3,3
6484f5d0-0b4e-459a-8a0a-b0e8f7c3934e,granite4:3b,black,first_gen,pell_eligible,private,21,good,rarely,male,part_time,abstains,neither,sports,arts,reserved,often,struggles,usually,2,3,3,3,2,2,2,3,2,2,3,3
597d5335-45bc-48ea-a63d-078d6ef9c3d3,granite4:3b,black,non_first_gen,family_pays,private,22,low,never,male,full_time,drinks,vapes,arts,math,social,never,empty,usually,3,3,3,2,3,4,3,2,3,3,2,4
5cde39ab-d9e5-40b8-a295-d181d92cd3b1,granite4:3b,black,first_gen,family_pays,public,20,modest,often,male,unemployed,abstains,smokes,games,business,reserved,never,empty,usually,3,4,2,3,3,3,2,3,2,3,4,3
86a7fda4-0d42-41ce-86be-5a4c7ac93ca9,granite4:3b,asian,first_gen,loans,private,19,modest,often,male,full_time,abstains,neither,sports,engineering,reserved,never,excellent,always,3,4,2,4,2,3,2,3,2,4,3,2
7dcabb04-0139-4d9d-934d-a79886131a8d,granite4:3b,multiracial,non_first_gen,pell_eligible,public,22,great,never,male,part_time,abstains,vapes,arts,science,reserved,often,struggles,usually,3,3,3,3,2,4,2,2,2,3,4,3
291cafcb-7e40-467b-a836-5c1ddf095e4b,granite4:3b,multiracial,non_first_gen,loans,private,23,modest,rarely,female,full_time,abstains,smokes,sports,business,reserved,often,struggles,usually,2,3,3,2,2,3,3,4,3,2,3,2
2b67661a-1eb6-42a2-84c7-f129955d2992,granite4:3b,black,non_first_gen,family_pays,public,20,great,rarely,male,part_time,drinks,neither,music,engineering,social,never,empty,always,2,1,4,1,4,2,3,1,3,2,2,5
991a91f1-c0c4-494e-b39a-d27eeedb202f,granite4:3b,white,non_first_gen,loans,public,21,modest,often,male,part_time,drinks,neither,music,engineering,social,never,struggles,usually,3,3,2,3,2,3,3,4,2,3,3,3
6e5de912-d9f5-48b3-98ac-a8203723fa5a,granite4:3b,multiracial,first_gen,pell_eligible,public,18,good,sometimes,female,full_time,abstains,vapes,music,science,social,never,articulate,usually,2,2,3,1,3,3,3,3,3,2,1,4
307ea6cf-39e8-4670-a494-87651bf7f5fd,granite4:3b,white,first_gen,family_pays,public,17,good,sometimes,female,unemployed,drinks,neither,music,engineering,social,never,struggles,usually,2,3,2,2,3,3,2,3,2,3,2,3
22a157cf-908a-4377-b4d6-e41a97447ab0,granite4:3b,multiracial,first_gen,pell_eligible,public,23,good,sometimes,female,unemployed,drinks,vapes,music,business,social,never,excellent,usually,2,1,2,2,4,3,4,2,3,2,3,2
07da5f12-cdb5-4a02-97f5-4138a4ef0c6a,granite4:3b,multiracial,non_first_gen,family_pays,private,23,low,never,female,full_time,drinks,smokes,other,arts,reserved,often,apprehensive,usually,3,1,2,2,2,4,4,3,1,3,5,2
d67d8270-9a49-4dbe-bac8-0cd5aff71117,granite4:3b,multiracial,non_first_gen,family_pays,public,21,good,often,male,part_time,drinks,smokes,games,math,social,often,empty,usually,4,3,2,2,2,3,2,3,2,3,4,4
265b3db5-004c-4ac4-bf2a-04ba3273548f,granite4:3b,multiracial,non_first_gen,loans,public,20,good,often,male,unemployed,abstains,vapes,arts,science,social,never,apprehensive,usually,2,2,2,2,2,4,2,3,3,4,3,3
e6d38df2-fed1-4225-8ec8-1a3e9c3b4d16,granite4:3b,multiracial,first_gen,pell_eligible,private,17,low,sometimes,female,part_time,abstains,smokes,arts,engineering,social,often,articulate,usually,3,3,2,3,2,3,3,3,2,3,3,4
db5acbf6-154d-4c47-8bbb-097a382d6440,granite4:3b,black,first_gen,pell_eligible,public,20,good,rarely,female,unemployed,abstains,vapes,other,science,reserved,often,empty,usually,2,3,2,2,2,3,4,4,2,2,3,3
a229a513-9043-472e-adef-317721c67c85,granite4:3b,asian,non_first_gen,pell_eligible,private,23,modest,never,female,unemployed,abstains,smokes,games,engineering,reserved,often,struggles,usually,2,3,2,3,2,3,2,2,2,3,3,3
f0f804a5-5d8d-41d5-98a4-5f01edcf35d1,granite4:3b,black,non_first_gen,loans,private,16,modest,sometimes,male,full_time,abstains,vapes,music,arts,reserved,often,excellent,usually,3,3,2,3,2,3,3,4,2,4,4,2
4cab3a82-28f4-485e-8b68-d8c9dba74367,granite4:3b,multiracial,non_first_gen,family_pays,private,23,great,often,female,unemployed,drinks,smokes,sports,engineering,reserved,never,struggles,always,3,3,3,3,2,3,3,4,2,3,3,2
b8f41a60-f385-44c7-a398-e9a066645aea,granite4:3b,black,first_gen,pell_eligible,public,20,great,never,male,unemployed,abstains,smokes,music,math,reserved,often,excellent,usually,2,4,3,3,3,4,3,2,3,3,2,2
207c3fb5-a02c-43db-ace9-e19e64d0ccf7,granite4:3b,white,non_first_gen,pell_eligible,public,20,great,rarely,male,unemployed,abstains,smokes,games,math,social,never,struggles,always,3,3,3,2,3,2,3,2,4,2,2,2
d2e91a83-3d9f-49e5-a67f-94086e3dfaa2,granite4:3b,white,first_gen,loans,public,22,low,often,female,unemployed,abstains,smokes,sports,engineering,social,often,articulate,usually,2,3,2,3,1,3,2,4,3,3,3,3
dad75782-df22-4b9c-8f49-1cbf6ecb5618,granite4:3b,white,non_first_gen,loans,private,22,great,often,female,part_time,abstains,smokes,arts,business,social,often,apprehensive,always,3,2,3,2,2,3,2,2,3,4,3,3
a2db2a94-904e-457f-86ab-c8ce2ce06261,granite4:3b,asian,first_gen,pell_eligible,private,19,good,never,male,part_time,abstains,smokes,sports,business,social,often,articulate,usually,3,1,2,1,2,3,2,2,4,2,2,3
be56c567-e7d5-4035-96e7-b1ad45d29d57,granite4:3b,black,non_first_gen,family_pays,public,16,modest,rarely,female,full_time,drinks,smokes,sports,science,reserved,often,articulate,always,4,3,2,3,2,4,2,3,3,2,4,3
10f67537-074b-466a-ae56-2f292b6cc87d,granite4:3b,black,first_gen,loans,public,19,modest,often,male,part_time,abstains,smokes,other,engineering,social,often,struggles,always,4,3,3,3,2,3,3,4,3,3,3,3
575a66bb-e9db-4460-887d-572a41062608,granite4:3b,black,first_gen,family_pays,public,16,modest,rarely,male,unemployed,drinks,smokes,sports,business,reserved,never,apprehensive,always,2,3,2,3,2,3,2,3,2,3,3,2
dc429cc2-dc6c-4f07-af70-102bcbaaf725,granite4:3b,white,non_first_gen,family_pays,private,19,good,sometimes,male,part_time,abstains,neither,sports,math,social,never,struggles,usually,3,3,3,2,2,2,2,3,2,2,2,3
f99fc135-e39c-47a9-9e1e-2f49f3001cdf,granite4:3b,white,non_first_gen,loans,public,21,good,rarely,female,unemployed,abstains,vapes,music,arts,reserved,often,empty,usually,2,3,2,3,3,3,3,2,2,2,4,3
103a177a-ab1d-42b9-b86b-2607d5c3aff6,granite4:3b,black,first_gen,pell_eligible,private,17,modest,often,female,unemployed,drinks,neither,music,math,social,never,empty,always,3,4,3,3,5,3,2,2,2,4,3,3
977d84e8-0b33-4d5b-abca-bee80bd6ef23,granite4:3b,multiracial,first_gen,family_pays,private,20,good,never,female,full_time,drinks,vapes,sports,engineering,reserved,often,apprehensive,usually,3,3,2,2,4,4,3,4,3,3,3,3
8b2046b2-ff95-49e4-8d19-c8d350daff20,granite4:3b,white,first_gen,loans,public,20,modest,never,female,unemployed,drinks,neither,sports,engineering,reserved,often,struggles,always,2,4,3,3,2,4,2,4,4,3,4,2
283f1432-5691-4b57-aba6-b05eda2861c8,granite4:3b,asian,first_gen,pell_eligible,public,20,low,often,female,part_time,drinks,smokes,sports,business,social,often,struggles,usually,2,4,2,3,2,3,2,3,2,4,3,2
91c38c86-14a1-4c1a-95b7-70ff6d396b2d,granite4:3b,black,non_first_gen,pell_eligible,private,17,low,often,female,unemployed,drinks,vapes,games,science,social,never,articulate,always,2,4,3,2,2,4,2,2,2,3,3,2
96bba4f8-6bfa-487b-bace-273d4aac19f9,granite4:3b,white,first_gen,loans,private,22,modest,rarely,male,part_time,abstains,smokes,arts,math,reserved,never,empty,usually,2,3,2,3,2,3,2,3,3,3,3,3
7e76f754-9401-4fc7-9ce7-9c904b6b1c21,granite4:3b,multiracial,non_first_gen,loans,private,23,great,never,female,part_time,abstains,neither,music,business,reserved,often,struggles,usually,2,3,3,3,2,4,4,3,2,3,4,4
a49bea7b-5d54-4e00-bada-e06214f871ee,granite4:3b,black,non_first_gen,family_pays,private,21,low,rarely,male,unemployed,abstains,neither,music,math,reserved,often,excellent,usually,1,3,2,4,1,3,2,3,2,3,4,2
cc3831cb-2210-4ddb-bca9-a4c2da412643,granite4:3b,asian,non_first_gen,family_pays,public,21,low,often,female,unemployed,abstains,vapes,music,arts,reserved,never,apprehensive,always,2,5,3,4,4,3,3,3,2,3,3,2
3116f914-6fd1-4293-89d3-e47ac838e679,granite4:3b,asian,first_gen,pell_eligible,public,18,low,sometimes,female,full_time,drinks,vapes,other,engineering,reserved,often,struggles,always,4,3,2,2,2,3,2,5,2,4,3,3
921d4ede-3b2d-45c5-91d5-e4841476f4d7,granite4:3b,multiracial,non_first_gen,family_pays,public,16,modest,often,female,unemployed,drinks,neither,arts,arts,reserved,often,articulate,always,2,3,3,3,1,4,2,4,3,4,3,3
f4aaa221-fab3-4418-880d-df5f5f360b2c,granite4:3b,black,first_gen,pell_eligible,private,23,modest,never,male,full_time,drinks,smokes,other,engineering,social,often,articulate,always,4,3,3,2,2,2,2,3,3,3,2,2
f4b89bd7-bbfd-44c1-9222-2d1fc5f68bd4,granite4:3b,white,first_gen,family_pays,public,21,good,often,female,full_time,abstains,neither,music,science,reserved,never,apprehensive,usually,2,3,2,2,2,3,4,3,3,3,3,3
1765753f-cdf5-46bc-8f73-690427d1579e,granite4:3b,black,non_first_gen,pell_eligible,private,19,modest,never,male,full_time,drinks,vapes,sports,arts,reserved,often,struggles,usually,2,4,2,4,2,4,3,4,3,3,3,3
eb39315d-6d3e-4f72-9190-e2feb3acf84d,granite4:3b,multiracial,non_first_gen,family_pays,public,23,good,sometimes,male,part_time,abstains,vapes,games,science,social,never,struggles,always,4,3,4,2,2,3,4,3,3,2,3,3
5cefeb6d-e852-4e5d-bf88-c4a62f676fe9,granite4:3b,white,non_first_gen,loans,public,22,great,sometimes,male,part_time,drinks,smokes,games,engineering,social,never,excellent,usually,2,1,2,2,4,2,3,1,3,2,2,2
a7a2cb94-3fd9-4c43-b6d0-144476e64e33,granite4:3b,asian,non_first_gen,loans,public,18,low,often,female,unemployed,drinks,neither,arts,science,social,often,apprehensive,always,2,4,2,4,2,3,3,3,3,4,3,4
1c5b34d8-cbf5-45dd-b442-7a70fe0b32b8,granite4:3b,white,first_gen,pell_eligible,public,17,low,sometimes,male,full_time,abstains,neither,sports,arts,reserved,often,excellent,always,2,4,2,3,1,4,5,3,2,3,5,2
455cb406-f964-47b3-9788-a29754383d3e,granite4:3b,white,first_gen,loans,private,18,modest,rarely,female,part_time,drinks,neither,other,arts,social,never,empty,usually,2,2,3,3,2,3,3,3,3,3,3,2
39ccef7b-c89a-44bc-b93d-b52987d75b81,granite4:3b,white,non_first_gen,family_pays,private,17,modest,sometimes,male,part_time,abstains,smokes,sports,arts,social,often,articulate,always,2,3,3,2,2,4,3,3,2,3,3,3
17c5756f-8bf6-4118-8bfa-3d8e2886e5fb,granite4:3b,multiracial,first_gen,pell_eligible,public,21,good,never,male,unemployed,abstains,smokes,music,engineering,reserved,often,articulate,always,3,3,4,2,2,2,3,2,4,1,4,3
9b9b6b49-5877-42d5-ace8-1154e32b8fab,granite4:3b,multiracial,non_first_gen,pell_eligible,private,22,modest,rarely,male,unemployed,drinks,vapes,arts,business,social,often,articulate,always,4,2,4,2,2,3,3,3,4,2,3,3
605510d9-048e-4e57-af55-a213095f502c,granite4:3b,asian,first_gen,loans,public,19,good,never,male,unemployed,drinks,vapes,games,math,social,often,apprehensive,always,2,4,2,2,3,4,3,2,4,2,3,2
5b5dfe1b-fb06-46b5-9ef7-2cc1e417fcb7,granite4:3b,asian,non_first_gen,loans,private,18,good,often,male,full_time,abstains,neither,music,science,reserved,often,struggles,usually,2,3,2,3,2,3,2,4,4,2,2,2
d28f31b0-6899-434a-9ec5-1c7c6ccacc22,granite4:3b,asian,non_first_gen,family_pays,private,19,low,rarely,male,full_time,drinks,smokes,music,business,reserved,often,articulate,usually,2,3,3,4,4,3,3,3,3,4,3,3
d0b7cdb7-99ec-401f-919a-457203fc8aa4,granite4:3b,multiracial,first_gen,pell_eligible,private,22,low,sometimes,female,part_time,drinks,vapes,arts,math,reserved,often,apprehensive,always,3,4,2,3,5,4,2,4,2,4,4,4
6f5910f1-70f1-4438-9d98-667ec0b542ec,granite4:3b,multiracial,first_gen,loans,private,18,good,sometimes,male,unemployed,abstains,neither,other,math,social,often,articulate,usually,2,3,2,2,2,3,3,2,3,3,4,3
2f58df94-ec7d-412f-a682-e1fffa0df73b,granite4:3b,white,non_first_gen,loans,private,21,modest,rarely,male,unemployed,drinks,smokes,arts,science,social,often,struggles,usually,3,3,3,2,3,2,3,3,3,3,3,3
50f4b1f2-6888-4e3f-8e07-17e26e784b52,granite4:3b,multiracial,non_first_gen,loans,private,22,great,often,female,part_time,drinks,smokes,arts,business,reserved,never,articulate,usually,2,3,3,2,3,3,4,2,4,3,3,2
821191f3-b60c-4f49-b3ab-331226cf54f1,granite4:3b,black,non_first_gen,pell_eligible,public,20,modest,never,male,unemployed,abstains,vapes,arts,math,reserved,often,empty,always,3,4,3,4,2,3,2,2,3,3,3,3
435c1d11-cc25-4f94-9f7f-8f8e9ff84c73,granite4:3b,asian,non_first_gen,loans,private,23,low,sometimes,female,full_time,drinks,neither,other,math,social,never,struggles,always,2,3,2,3,2,3,4,2,2,4,3,2
96baf1f8-064a-4a9d-a967-eae50478173d,granite4:3b,asian,non_first_gen,pell_eligible,public,17,good,rarely,female,full_time,abstains,smokes,arts,engineering,reserved,often,articulate,usually,2,2,2,2,2,3,2,3,2,2,4,4
5ab52082-4e44-47f8-be96-0ef0cac7de61,granite4:3b,multiracial,non_first_gen,family_pays,public,16,low,never,male,full_time,drinks,neither,arts,math,reserved,often,apprehensive,always,4,3,2,3,3,4,4,2,4,3,5,3
3cf69c0a-2aaa-46a5-a118-87d96f238853,granite4:3b,multiracial,non_first_gen,family_pays,public,20,modest,often,female,part_time,drinks,vapes,games,math,social,often,empty,usually,3,3,3,2,1,4,3,4,2,3,3,2
f9422d64-b1cf-4edf-b563-1b38c4f8e47f,granite4:3b,multiracial,first_gen,pell_eligible,private,23,great,never,female,full_time,drinks,neither,sports,math,social,never,empty,always,3,1,3,1,5,1,3,2,4,3,2,2
fff7513f-4535-42ec-a56b-f566727a9a39,granite4:3b,black,first_gen,family_pays,public,21,low,never,female,full_time,drinks,vapes,games,science,social,never,struggles,usually,2,4,2,2,2,3,3,4,3,3,3,2
0c65c5e4-e7d2-4b03-86c8-1422d482606a,granite4:3b,multiracial,first_gen,family_pays,public,18,low,never,male,full_time,abstains,neither,sports,science,reserved,never,apprehensive,usually,2,3,3,2,2,3,2,3,3,4,4,3
517e2966-6044-49a8-b543-7be2b03055f9,granite4:3b,asian,non_first_gen,loans,private,19,modest,sometimes,male,part_time,abstains,vapes,music,science,social,often,apprehensive,always,3,3,2,3,3,3,3,3,4,3,3,2
af8ed657-079f-4cb1-9ed7-111e74802425,granite4:3b,white,first_gen,family_pays,private,16,low,often,male,unemployed,abstains,neither,sports,math,reserved,often,empty,always,1,3,2,3,2,3,2,3,1,3,3,2
4852ed53-7b1e-4757-ab00-421875a6b8e4,granite4:3b,asian,non_first_gen,pell_eligible,private,23,modest,often,female,full_time,drinks,neither,sports,math,reserved,never,struggles,always,3,3,2,4,3,4,2,3,3,3,4,3
83b5557a-33af-4d0f-88bf-acac6f3ae473,granite4:3b,multiracial,non_first_gen,pell_eligible,public,23,low,often,male,full_time,abstains,vapes,music,business,social,often,articulate,usually,2,4,2,3,3,4,3,3,2,3,4,4
b515e10f-0753-45c8-954f-db2252488050,granite4:3b,white,non_first_gen,pell_eligible,public,21,modest,sometimes,male,part_time,abstains,vapes,sports,arts,reserved,often,articulate,always,3,3,3,3,2,3,2,3,3,3,4,3
ee10d896-505c-4fd4-95aa-ea6d6dafcf6c,granite4:3b,asian,first_gen,pell_eligible,public,18,great,rarely,female,full_time,abstains,vapes,games,science,social,often,apprehensive,always,2,3,4,2,3,3,2,2,2,3,3,2
a1bef161-3397-45ed-89f0-dfa78129dc6b,granite4:3b,multiracial,non_first_gen,loans,private,19,low,never,male,part_time,drinks,vapes,sports,science,reserved,often,apprehensive,always,2,3,4,3,4,3,3,4,3,3,4,2
04c49fde-0b99-4df3-88da-3d0b24f0836c,granite4:3b,multiracial,first_gen,family_pays,private,21,modest,rarely,female,unemployed,abstains,smokes,music,business,reserved,often,struggles,usually,2,4,2,4,2,3,2,2,2,3,4,2
d1317d2c-5e6b-4d90-8b43-11b525b01a2b,granite4:3b,black,non_first_gen,family_pays,public,16,good,often,female,part_time,drinks,neither,games,science,social,never,struggles,always,2,3,2,2,2,3,2,3,3,3,4,3
8b9fe134-0470-4a7a-8a68-91bdf43d12be,granite4:3b,black,non_first_gen,pell_eligible,private,20,great,rarely,female,full_time,abstains,smokes,other,business,social,never,excellent,always,1,1,2,1,2,2,2,1,2,1,2,5
f72ef9ae-0159-4022-b06b-76fa88d1b720,granite4:3b,asian,non_first_gen,family_pays,public,21,great,never,female,full_time,drinks,neither,other,science,social,often,excellent,always,5,2,3,1,2,2,3,1,2,2,1,2
2cc62989-7a31-4fac-9370-6b45fe802efc,granite4:3b,asian,non_first_gen,loans,public,21,great,rarely,male,part_time,drinks,smokes,music,arts,social,often,excellent,always,3,2,2,2,3,2,2,2,3,1,1,3
02b9734c-ba6c-4e7e-86e7-4061d4922d08,granite4:3b,asian,non_first_gen,pell_eligible,private,18,low,sometimes,male,unemployed,abstains,smokes,sports,arts,social,often,empty,always,1,3,1,3,1,4,2,3,4,3,3,3
d1ec79da-0b86-4f7e-9e33-3e0fdd00cf22,granite4:3b,black,first_gen,loans,private,22,great,often,female,full_time,drinks,smokes,other,business,social,often,apprehensive,always,2,3,2,3,2,4,3,2,4,4,2,3
616343e7-a358-4f6b-a64e-9961efa1fdde,granite4:3b,multiracial,first_gen,pell_eligible,private,20,modest,rarely,male,full_time,drinks,neither,other,engineering,reserved,never,excellent,always,2,3,2,2,3,2,2,2,3,3,3,3
cdd09552-520e-422d-84ad-e02df1118b11,granite4:3b,asian,non_first_gen,pell_eligible,public,18,low,never,male,part_time,drinks,vapes,music,business,social,never,excellent,always,3,2,2,2,3,3,2,2,4,4,2,3
4ab45190-e0d3-4f97-806b-43a07bcf1442,granite4:3b,multiracial,first_gen,family_pays,public,21,modest,often,female,full_time,drinks,smokes,sports,engineering,social,often,articulate,usually,3,4,3,2,3,3,3,4,2,3,3,4
08c30a3b-ee90-4a36-813f-a5620a4eb0c0,granite4:3b,black,first_gen,loans,private,19,great,often,female,part_time,drinks,smokes,arts,math,social,often,empty,always,2,3,3,2,3,3,2,3,2,3,4,3
